{
    "Date": "2018-08-23T11:30:00+03:00",
    "PreviousDate": "2018-08-22T11:30:00+03:00",
    "PreviousURL": "\/\/www.cbr-xml-daily.ru\/archive\/2018\/08\/22\/daily_json.js",
    "Timestamp": "2018-08-22T23:00:00+03:00",
    "Valute": {
        "AUD": {
            "ID": "R01010",
            "NumCode": "036",
            "CharCode": "AUD",
            "Nominal": 1,
            "Name": "Австралийский доллар",
            "Value": 49.6168,
            "Previous": 49.4298
        },
        "AZN": {
            "ID": "R01020A",
            "NumCode": "944",
            "CharCode": "AZN",
            "Nominal": 1,
            "Name": "Азербайджанский манат",
            "Value": 39.8564,
            "Previous": 39.5982
        },
        "GBP": {
            "ID": "R01035",
            "NumCode": "826",
            "CharCode": "GBP",
            "Nominal": 1,
            "Name": "Фунт стерлингов Соединенного королевства",
            "Value": 87.0425,
            "Previous": 86.1495
        },
        "AMD": {
            "ID": "R01060",
            "NumCode": "051",
            "CharCode": "AMD",
            "Nominal": 100,
            "Name": "Армянских драмов",
            "Value": 14.0283,
            "Previous": 13.9114
        },
        "BYN": {
            "ID": "R01090B",
            "NumCode": "933",
            "CharCode": "BYN",
            "Nominal": 1,
            "Name": "Белорусский рубль",
            "Value": 33.1047,
            "Previous": 32.9063
        },
        "BGN": {
            "ID": "R01100",
            "NumCode": "975",
            "CharCode": "BGN",
            "Nominal": 1,
            "Name": "Болгарский лев",
            "Value": 39.9576,
            "Previous": 39.5725
        },
        "BRL": {
            "ID": "R01115",
            "NumCode": "986",
            "CharCode": "BRL",
            "Nominal": 1,
            "Name": "Бразильский реал",
            "Value": 16.6962,
            "Previous": 16.9313
        },
        "HUF": {
            "ID": "R01135",
            "NumCode": "348",
            "CharCode": "HUF",
            "Nominal": 100,
            "Name": "Венгерских форинтов",
            "Value": 24.153,
            "Previous": 23.9431
        },
        "HKD": {
            "ID": "R01200",
            "NumCode": "344",
            "CharCode": "HKD",
            "Nominal": 10,
            "Name": "Гонконгских долларов",
            "Value": 86.1365,
            "Previous": 85.5785
        },
        "DKK": {
            "ID": "R01215",
            "NumCode": "208",
            "CharCode": "DKK",
            "Nominal": 1,
            "Name": "Датская крона",
            "Value": 10.4767,
            "Previous": 10.3766
        },
        "USD": {
            "ID": "R01235",
            "NumCode": "840",
            "CharCode": "USD",
            "Nominal": 1,
            "Name": "Доллар США",
            "Value": 67.6163,
            "Previous": 67.1783
        },
        "EUR": {
            "ID": "R01239",
            "NumCode": "978",
            "CharCode": "EUR",
            "Nominal": 1,
            "Name": "Евро",
            "Value": 78.1983,
            "Previous": 77.3491
        },
        "INR": {
            "ID": "R01270",
            "NumCode": "356",
            "CharCode": "INR",
            "Nominal": 100,
            "Name": "Индийских рупий",
            "Value": 96.7883,
            "Previous": 96.3752
        },
        "KZT": {
            "ID": "R01335",
            "NumCode": "398",
            "CharCode": "KZT",
            "Nominal": 100,
            "Name": "Казахстанских тенге",
            "Value": 18.6384,
            "Previous": 18.5971
        },
        "CAD": {
            "ID": "R01350",
            "NumCode": "124",
            "CharCode": "CAD",
            "Nominal": 1,
            "Name": "Канадский доллар",
            "Value": 51.8808,
            "Previous": 51.5685
        },
        "KGS": {
            "ID": "R01370",
            "NumCode": "417",
            "CharCode": "KGS",
            "Nominal": 100,
            "Name": "Киргизских сомов",
            "Value": 97.8528,
            "Previous": 96.8964
        },
        "CNY": {
            "ID": "R01375",
            "NumCode": "156",
            "CharCode": "CNY",
            "Nominal": 10,
            "Name": "Китайских юаней",
            "Value": 98.7676,
            "Previous": 98.145
        },
        "MDL": {
            "ID": "R01500",
            "NumCode": "498",
            "CharCode": "MDL",
            "Nominal": 10,
            "Name": "Молдавских леев",
            "Value": 40.4283,
            "Previous": 40.1664
        },
        "NOK": {
            "ID": "R01535",
            "NumCode": "578",
            "CharCode": "NOK",
            "Nominal": 10,
            "Name": "Норвежских крон",
            "Value": 80.4966,
            "Previous": 79.8269
        },
        "PLN": {
            "ID": "R01565",
            "NumCode": "985",
            "CharCode": "PLN",
            "Nominal": 1,
            "Name": "Польский злотый",
            "Value": 18.195,
            "Previous": 17.9698
        },
        "RON": {
            "ID": "R01585F",
            "NumCode": "946",
            "CharCode": "RON",
            "Nominal": 1,
            "Name": "Румынский лей",
            "Value": 16.8367,
            "Previous": 16.6687
        },
        "XDR": {
            "ID": "R01589",
            "NumCode": "960",
            "CharCode": "XDR",
            "Nominal": 1,
            "Name": "СДР (специальные права заимствования)",
            "Value": 94.3356,
            "Previous": 93.3254
        },
        "SGD": {
            "ID": "R01625",
            "NumCode": "702",
            "CharCode": "SGD",
            "Nominal": 1,
            "Name": "Сингапурский доллар",
            "Value": 49.4488,
            "Previous": 49.1501
        },
        "TJS": {
            "ID": "R01670",
            "NumCode": "972",
            "CharCode": "TJS",
            "Nominal": 10,
            "Name": "Таджикских сомони",
            "Value": 71.8176,
            "Previous": 71.2888
        },
        "TRY": {
            "ID": "R01700J",
            "NumCode": "949",
            "CharCode": "TRY",
            "Nominal": 1,
            "Name": "Турецкая лира",
            "Value": 11.1282,
            "Previous": 10.9588
        },
        "TMT": {
            "ID": "R01710A",
            "NumCode": "934",
            "CharCode": "TMT",
            "Nominal": 1,
            "Name": "Новый туркменский манат",
            "Value": 19.3466,
            "Previous": 19.2213
        },
        "UZS": {
            "ID": "R01717",
            "NumCode": "860",
            "CharCode": "UZS",
            "Nominal": 10000,
            "Name": "Узбекских сумов",
            "Value": 86.6455,
            "Previous": 86.0844
        },
        "UAH": {
            "ID": "R01720",
            "NumCode": "980",
            "CharCode": "UAH",
            "Nominal": 10,
            "Name": "Украинских гривен",
            "Value": 24.2483,
            "Previous": 24.2609
        },
        "CZK": {
            "ID": "R01760",
            "NumCode": "203",
            "CharCode": "CZK",
            "Nominal": 10,
            "Name": "Чешских крон",
            "Value": 30.3586,
            "Previous": 30.0843
        },
        "SEK": {
            "ID": "R01770",
            "NumCode": "752",
            "CharCode": "SEK",
            "Nominal": 10,
            "Name": "Шведских крон",
            "Value": 74.2955,
            "Previous": 73.6911
        },
        "CHF": {
            "ID": "R01775",
            "NumCode": "756",
            "CharCode": "CHF",
            "Nominal": 1,
            "Name": "Швейцарский франк",
            "Value": 68.6739,
            "Previous": 67.9942
        },
        "ZAR": {
            "ID": "R01810",
            "NumCode": "710",
            "CharCode": "ZAR",
            "Nominal": 10,
            "Name": "Южноафриканских рэндов",
            "Value": 46.8669,
            "Previous": 46.7048
        },
        "KRW": {
            "ID": "R01815",
            "NumCode": "410",
            "CharCode": "KRW",
            "Nominal": 1000,
            "Name": "Вон Республики Корея",
            "Value": 60.3919,
            "Previous": 60.1051
        },
        "JPY": {
            "ID": "R01820",
            "NumCode": "392",
            "CharCode": "JPY",
            "Nominal": 100,
            "Name": "Японских иен",
            "Value": 61.2411,
            "Previous": 60.9686
        }
    }
}